"","Lower CI","Median","Upper CI"
"U statistic",1195.15,1324,1460.05
"p-value",4.9144817693183e-09,3.74356070310754e-06,0.000514101879911343
