"","Lower CI","Median","Upper CI"
"U statistic",1181.6,1333,1474.65
"p-value",2.10259119551847e-09,2.52361906058755e-06,0.000798106573147
