"","Lower CI","Median","Upper CI"
"U statistic",1201.4,1340,1454
"p-value",7.52073729277171e-09,1.84845371253287e-06,0.000422950736287878
