"","Lower CI","Median","Upper CI"
"U statistic",1208.35,1323,1446.1
"p-value",1.00309901455918e-08,3.90961835533009e-06,0.000351409574946074
