"","Lower CI","Median","Upper CI"
"U statistic",1178.2,1333,1441.1
"p-value",1.31002683646259e-08,2.52361906058755e-06,0.000907708585127024
