"","Lower CI","Median","Upper CI"
"U statistic",1211.8,1332,1438.2
"p-value",1.5341587541472e-08,2.63752438629203e-06,0.000292774495835299
