"","Lower CI","Median","Upper CI"
"U statistic",1200.4,1321,1458.15
"p-value",5.54536004493199e-09,4.2631015588625e-06,0.000437263965746124
