"","Lower CI","Median","Upper CI"
"U statistic",1226.4,1343,1469.35
"p-value",3.1326576601287e-09,1.61554773111604e-06,0.000179288446439113
